Username,Repo Name,Remote URL
adrianhp97,bbb-emotional-sensing,https://github.com/adrianhp97/bbb-emotional-sensing.git
adrianhp97,it-frontend-assignment,https://github.com/adrianhp97/it-frontend-assignment.git
adrianhp97,math-questions,https://github.com/adrianhp97/math-questions.git
adrianhp97,react-django-test,https://github.com/adrianhp97/react-django-test.git
adrianhp97,software-engineer-test-v5.1,https://github.com/adrianhp97/software-engineer-test-v5.1.git
agustinruatta,argencoin,https://github.com/agustinruatta/argencoin.git
agustinruatta,fytech_backend,https://github.com/agustinruatta/fytech_backend.git
agustinruatta,marketplace_tecnicatura_2022,https://github.com/agustinruatta/marketplace_tecnicatura_2022.git
agustinruatta,marketplace_tecnicatura_2023,https://github.com/agustinruatta/marketplace_tecnicatura_2023.git
agustinruatta,marketplace_tecnicatura_2024,https://github.com/agustinruatta/marketplace_tecnicatura_2024.git
alissonsilvajs,SIPDigitalBackend,https://github.com/alissonsilvajs/SIPDigitalBackend.git
alissonsilvajs,SIPDigitalFrontend,https://github.com/alissonsilvajs/SIPDigitalFrontend.git
allandiego,electron-app-ts,https://github.com/allandiego/electron-app-ts.git
allandiego,electron-serialport,https://github.com/allandiego/electron-serialport.git
allandiego,mini-projects,https://github.com/allandiego/mini-projects.git
allandiego,rentx-api,https://github.com/allandiego/rentx-api.git
allandiego,zune-bot,https://github.com/allandiego/zune-bot.git
altamiranoesdras,binchar,https://github.com/altamiranoesdras/binchar.git
altamiranoesdras,gyexamen,https://github.com/altamiranoesdras/gyexamen.git
altamiranoesdras,recibos,https://github.com/altamiranoesdras/recibos.git
altamiranoesdras,so2,https://github.com/altamiranoesdras/so2.git
altamiranoesdras,sysbase3,https://github.com/altamiranoesdras/sysbase3.git
amanda-natallie,design-system,https://github.com/amanda-natallie/design-system.git
amanda-natallie,GlobalSolutions,https://github.com/amanda-natallie/GlobalSolutions.git
amanda-natallie,react-test,https://github.com/amanda-natallie/react-test.git
amanda-natallie,ReactWeather,https://github.com/amanda-natallie/ReactWeather.git
amanda-natallie,tvf-store,https://github.com/amanda-natallie/tvf-store.git
Anavas09,crmgraphql,https://github.com/Anavas09/crmgraphql.git
Anavas09,NewsApp,https://github.com/Anavas09/NewsApp.git
Anavas09,pokedex,https://github.com/Anavas09/pokedex.git
Anavas09,reactcrudapp,https://github.com/Anavas09/reactcrudapp.git
Anavas09,veterinaria,https://github.com/Anavas09/veterinaria.git
anderperez15,-ng-select,https://github.com/anderperez15/-ng-select.git
anderperez15,chalenge-git-ander,https://github.com/anderperez15/chalenge-git-ander.git
anderperez15,ConnectFour,https://github.com/anderperez15/ConnectFour.git
anderperez15,ng-select,https://github.com/anderperez15/ng-select.git
anderperez15,video-app,https://github.com/anderperez15/video-app.git
AnilKOC,akiko-fps-3d,https://github.com/AnilKOC/akiko-fps-3d.git
AnilKOC,django-blog-quiz,https://github.com/AnilKOC/django-blog-quiz.git
AnilKOC,ecommerce,https://github.com/AnilKOC/ecommerce.git
AnilKOC,period-tracking,https://github.com/AnilKOC/period-tracking.git
AnilKOC,ts-prediction,https://github.com/AnilKOC/ts-prediction.git
Anonimy,js-expert,https://github.com/Anonimy/js-expert.git
Anonimy,js-tips-and-tricks,https://github.com/Anonimy/js-tips-and-tricks.git
Anonimy,MercadoLivreApplication,https://github.com/Anonimy/MercadoLivreApplication.git
Anonimy,nextjs-blog,https://github.com/Anonimy/nextjs-blog.git
Anonimy,recursive-stairs-problem,https://github.com/Anonimy/recursive-stairs-problem.git
arianebrandao,01-nextjs-course,https://github.com/arianebrandao/01-nextjs-course.git
arianebrandao,arianebrandao.github.io,https://github.com/arianebrandao/arianebrandao.github.io.git
arianebrandao,reactjs-desafio-criando-um-projeto-do-zero,https://github.com/arianebrandao/reactjs-desafio-criando-um-projeto-do-zero.git
arianebrandao,reactjs-desafio-upload-imagens,https://github.com/arianebrandao/reactjs-desafio-upload-imagens.git
arianebrandao,reactjs-github-explorer,https://github.com/arianebrandao/reactjs-github-explorer.git
arma7x,bomberwoman,https://github.com/arma7x/bomberwoman.git
arma7x,FireFlutter,https://github.com/arma7x/FireFlutter.git
arma7x,kaios-web-suite,https://github.com/arma7x/kaios-web-suite.git
arma7x,telekram,https://github.com/arma7x/telekram.git
arma7x,websms-server,https://github.com/arma7x/websms-server.git
asadullahqb,KawanAppApi,https://github.com/asadullahqb/KawanAppApi.git
atiqurrehman123,background-image-slider-project-main,https://github.com/atiqurrehman123/background-image-slider-project-main.git
atiqurrehman123,book-directory,https://github.com/atiqurrehman123/book-directory.git
atiqurrehman123,ecommerce-website,https://github.com/atiqurrehman123/ecommerce-website.git
atiqurrehman123,portfolio-projects,https://github.com/atiqurrehman123/portfolio-projects.git
atiqurrehman123,portfolio_website,https://github.com/atiqurrehman123/portfolio_website.git
biancamacedodev,pizzariaDelicious,https://github.com/biancamacedodev/pizzariaDelicious.git
biancamacedodev,portfolioBiaApp,https://github.com/biancamacedodev/portfolioBiaApp.git
biancamacedodev,Projeto-Verificador-de-Idade,https://github.com/biancamacedodev/Projeto-Verificador-de-Idade.git
biancamacedodev,projetoCIDI,https://github.com/biancamacedodev/projetoCIDI.git
biancamacedodev,Techblog,https://github.com/biancamacedodev/Techblog.git
borashek32,digitalcoffeedesign.com,https://github.com/borashek32/digitalcoffeedesign.com.git
borashek32,jewellery-store-native-front-webpack,https://github.com/borashek32/jewellery-store-native-front-webpack.git
borashek32,kids-club,https://github.com/borashek32/kids-club.git
borashek32,lemma-auto,https://github.com/borashek32/lemma-auto.git
borashek32,portfolio,https://github.com/borashek32/portfolio.git
bruj0,vault-plugin-auth-u2f,https://github.com/bruj0/vault-plugin-auth-u2f.git
BrunoAlencar,bootcamp-rocketseat-2020,https://github.com/BrunoAlencar/bootcamp-rocketseat-2020.git
BrunoAlencar,desafio-bootcamp-react-conceitos,https://github.com/BrunoAlencar/desafio-bootcamp-react-conceitos.git
BrunoAlencar,hangman-game-backend,https://github.com/BrunoAlencar/hangman-game-backend.git
BrunoAlencar,project-law-and-order-court-dress,https://github.com/BrunoAlencar/project-law-and-order-court-dress.git
BrunoAlencar,reactjs-task-manager,https://github.com/BrunoAlencar/reactjs-task-manager.git
Bubex,be-the-hero,https://github.com/Bubex/be-the-hero.git
Bubex,sebrae-app,https://github.com/Bubex/sebrae-app.git
Bubex,serverless-stack-api,https://github.com/Bubex/serverless-stack-api.git
Bubex,twitter-backend,https://github.com/Bubex/twitter-backend.git
Bubex,twitter-frontend,https://github.com/Bubex/twitter-frontend.git
casjunior93,formacao-oracle-one-front-end,https://github.com/casjunior93/formacao-oracle-one-front-end.git
casjunior93,Lista-cidades,https://github.com/casjunior93/Lista-cidades.git
casjunior93,Maratona-Cientista-de-Dados-na-Pr-tica,https://github.com/casjunior93/Maratona-Cientista-de-Dados-na-Pr-tica.git
casjunior93,programa-oracle-one-java,https://github.com/casjunior93/programa-oracle-one-java.git
casjunior93,template-code-igniter-4,https://github.com/casjunior93/template-code-igniter-4.git
Caue-Garaude,MAHINDRA-RACING,https://github.com/Caue-Garaude/MAHINDRA-RACING.git
Caue-Garaude,OCEAN-GUARDIAN,https://github.com/Caue-Garaude/OCEAN-GUARDIAN.git
Caue-Garaude,Portifolio,https://github.com/Caue-Garaude/Portifolio.git
Caue-Garaude,Projeto-vite-react,https://github.com/Caue-Garaude/Projeto-vite-react.git
Caue-Garaude,WHEATHER-IOT,https://github.com/Caue-Garaude/WHEATHER-IOT.git
Chandu,lefthook-commitizen-issue,https://github.com/chandu/lefthook-commitizen-issue.git
Chandu,nest-override-modules,https://github.com/chandu/nest-override-modules.git
Chandu,test-nx,https://github.com/chandu/test-nx.git
Chandu,themu,https://github.com/chandu/themu.git
Chandu,vite-dts-config-dir-test,https://github.com/chandu/vite-dts-config-dir-test.git
cleberazevedo,AngularDTO,https://github.com/cleberazevedo/AngularDTO.git
cleiltonoliveira,mars-weather,https://github.com/cleiltonoliveira/mars-weather.git
cleiltonoliveira,nodejs-training,https://github.com/cleiltonoliveira/nodejs-training.git
cleiltonoliveira,pr-updater,https://github.com/cleiltonoliveira/pr-updater.git
cleiltonoliveira,swagger-dereferencer,https://github.com/cleiltonoliveira/swagger-dereferencer.git
cleiltonoliveira,the-strider,https://github.com/cleiltonoliveira/the-strider.git
codenoid,flask-cookie-sharing-demo,https://github.com/codenoid/flask-cookie-sharing-demo.git
codenoid,flask-mongo-ajax-boilerplate,https://github.com/codenoid/flask-mongo-ajax-boilerplate.git
codenoid,temporar,https://github.com/codenoid/temporar.git
cssgabriel,challenges,https://github.com/cssgabriel/challenges.git
cssgabriel,curso_origamid,https://github.com/cssgabriel/curso_origamid.git
cssgabriel,jornadafullstack,https://github.com/cssgabriel/jornadafullstack.git
cssgabriel,teste-alpes-one,https://github.com/cssgabriel/teste-alpes-one.git
cssgabriel,teste-sensorial,https://github.com/cssgabriel/teste-sensorial.git
Daniel-Schemberger,APP_RFV,https://github.com/Daniel-Schemberger/APP_RFV.git
Daniel-Schemberger,Portfolio-DataScience,https://github.com/Daniel-Schemberger/Portfolio-DataScience.git
Daniel-Schemberger,Principal,https://github.com/Daniel-Schemberger/Principal.git
Daniel-Schemberger,Projeto-2-EBAC,https://github.com/Daniel-Schemberger/Projeto-2-EBAC.git
Daniel-Schemberger,Projeto-Final---EBAC,https://github.com/Daniel-Schemberger/Projeto-Final---EBAC.git
danielmundim,performatic-youtube-player,https://github.com/danielmundim/performatic-youtube-player.git
daniloaleixo,BTCStudies,https://github.com/daniloaleixo/BTCStudies.git
daniloaleixo,daniloaleixo.github.io,https://github.com/daniloaleixo/daniloaleixo.github.io.git
daniloaleixo,deepLearningFromScratch,https://github.com/daniloaleixo/deepLearningFromScratch.git
daniloaleixo,NeuroEvolutionMarketTrader,https://github.com/daniloaleixo/NeuroEvolutionMarketTrader.git
daniloaleixo,PPO-reinforcement-learning,https://github.com/daniloaleixo/PPO-reinforcement-learning.git
DeividAlmeida,app-ocorrencias,https://github.com/DeividAlmeida/app-ocorrencias.git
DeividAlmeida,modulo-EAD,https://github.com/DeividAlmeida/modulo-EAD.git
DeividAlmeida,modulo-ecommerce,https://github.com/DeividAlmeida/modulo-ecommerce.git
DeividAlmeida,modulo-LGPD,https://github.com/DeividAlmeida/modulo-LGPD.git
DeividAlmeida,plugin-checkout-transparente-mercadopago,https://github.com/DeividAlmeida/plugin-checkout-transparente-mercadopago.git
dguarisma,api-notion,https://github.com/dguarisma/api-notion.git
dguarisma,landing-page-viviendas,https://github.com/dguarisma/landing-page-viviendas.git
dguarisma,landing-vitejs,https://github.com/dguarisma/landing-vitejs.git
dguarisma,Plugin-Certificado,https://github.com/dguarisma/Plugin-Certificado.git
dguarisma,website-javascript,https://github.com/dguarisma/website-javascript.git
diegosarzi,chat_websocket,https://github.com/diegosarzi/chat_websocket.git
diegosarzi,gamejs,https://github.com/diegosarzi/gamejs.git
diegosarzi,javascript,https://github.com/diegosarzi/javascript.git
diegosarzi,nodeview,https://github.com/diegosarzi/nodeview.git
diegosarzi,rocketseat,https://github.com/diegosarzi/rocketseat.git
droidlabour,aws-athena-auto-create-table,https://github.com/droidlabour/aws-athena-auto-create-table.git
droidlabour,aws-iam-user-tagging,https://github.com/droidlabour/aws-iam-user-tagging.git
droidlabour,aws-lambda-auto-image-cropper,https://github.com/droidlabour/aws-lambda-auto-image-cropper.git
dvdscripter,qa,https://github.com/dvdscripter/qa.git
eduardorafd,IronhackDA-Bootcamp,https://github.com/eduardorafd/IronhackDA-Bootcamp.git
eduardorafd,streamlit,https://github.com/eduardorafd/streamlit.git
EladioRocha,book,https://github.com/EladioRocha/book.git
EladioRocha,christmas-bubble-sort-visualization,https://github.com/EladioRocha/christmas-bubble-sort-visualization.git
EladioRocha,nwz,https://github.com/EladioRocha/nwz.git
EladioRocha,Trading-Quiz-Frontend,https://github.com/EladioRocha/Trading-Quiz-Frontend.git
EladioRocha,Video-downloader,https://github.com/EladioRocha/Video-downloader.git
Elkarloz,E-vote-Frontend,https://github.com/Elkarloz/E-vote-Frontend.git
Elkarloz,Kawaktest,https://github.com/Elkarloz/Kawaktest.git
Elkarloz,MiFolio,https://github.com/Elkarloz/MiFolio.git
Elkarloz,Pg_Videojuegos_Responsive,https://github.com/Elkarloz/Pg_Videojuegos_Responsive.git
Elkarloz,TestFullStack,https://github.com/Elkarloz/TestFullStack.git
emresr,anki,https://github.com/emresr/anki.git
emresr,banky,https://github.com/emresr/banky.git
emresr,moroes,https://github.com/emresr/moroes.git
emresr,patrone,https://github.com/emresr/patrone.git
emresr,popells,https://github.com/emresr/popells.git
enghitalo,fastapi-postgres,https://github.com/enghitalo/fastapi-postgres.git
enghitalo,html_v_wasm_browser,https://github.com/enghitalo/html_v_wasm_browser.git
enghitalo,multiple-language-microservices,https://github.com/enghitalo/multiple-language-microservices.git
enghitalo,padaria,https://github.com/enghitalo/padaria.git
enghitalo,techempower,https://github.com/enghitalo/techempower.git
EvyatarHaim1,AppcodeGames,https://github.com/EvyatarHaim1/AppcodeGames.git
EvyatarHaim1,Financy-Assignment,https://github.com/EvyatarHaim1/Financy-Assignment.git
EvyatarHaim1,Guessing_Languages_Words,https://github.com/EvyatarHaim1/Guessing_Languages_Words.git
EvyatarHaim1,portfolio.github.io,https://github.com/EvyatarHaim1/portfolio.github.io.git
EvyatarHaim1,Weather-App-React-Redux-Firebase-,https://github.com/EvyatarHaim1/Weather-App-React-Redux-Firebase-.git
Felipe-Castillo,-single-page-application-SPA-con-angular-2,https://github.com/Felipe-Castillo/-single-page-application-SPA-con-angular-2.git
Felipe-Castillo,Felipe-Castillo,https://github.com/Felipe-Castillo/Felipe-Castillo.git
Felipe-Castillo,movies-prueba,https://github.com/Felipe-Castillo/movies-prueba.git
Felipe-Castillo,movies-test,https://github.com/Felipe-Castillo/movies-test.git
Felipe-Castillo,react-gif-expert-app,https://github.com/Felipe-Castillo/react-gif-expert-app.git
felipebetts,agendamento-consultas,https://github.com/felipebetts/agendamento-consultas.git
felipebetts,gardenegarden,https://github.com/felipebetts/gardenegarden.git
felipebetts,headless-blog,https://github.com/felipebetts/headless-blog.git
felipebetts,orcamento_express,https://github.com/felipebetts/orcamento_express.git
felipebetts,portfolio,https://github.com/felipebetts/portfolio.git
fernandod1,fitness-tracker,https://github.com/fernandod1/fitness-tracker.git
fernandod1,Laser-hair-removal-app,https://github.com/fernandod1/Laser-hair-removal-app.git
fernandod1,Photos-carousel-generator,https://github.com/fernandod1/Photos-carousel-generator.git
fernandod1,Restaurant-orders,https://github.com/fernandod1/Restaurant-orders.git
fernandod1,Satellite-weather-map-generator,https://github.com/fernandod1/Satellite-weather-map-generator.git
frosteen,IoT-Based-Faculty-Managing-System-using-Raspberry-Pi-and-Time-Activated-Power-Saving-Monitor,https://github.com/frosteen/IoT-Based-Faculty-Managing-System-using-Raspberry-Pi-and-Time-Activated-Power-Saving-Monitor.git
frosteen,Python-Workshop-Programs,https://github.com/frosteen/Python-Workshop-Programs.git
frosteen,Smart-CCTV-Security-System-using-Facial-Recognition-through-Deep-Learning,https://github.com/frosteen/Smart-CCTV-Security-System-using-Facial-Recognition-through-Deep-Learning.git
frosteen,Snake-Game,https://github.com/frosteen/Snake-Game.git
fxHakkun,ArduinoCoding,https://github.com/fxHakkun/ArduinoCoding.git
fxHakkun,MyFinalYearProject,https://github.com/fxHakkun/MyFinalYearProject.git
fxHakkun,Python-Beginner-Projects,https://github.com/fxHakkun/Python-Beginner-Projects.git
gabirabelo,be-the-hero,https://github.com/gabirabelo/be-the-hero.git
gabirabelo,projeto-react,https://github.com/gabirabelo/projeto-react.git
gabselbach,ChatBotCovid-19,https://github.com/gabselbach/ChatBotCovid-19.git
gabselbach,Crud-Funcion-rios,https://github.com/gabselbach/Crud-Funcion-rios.git
gabselbach,PlanilhaLaravel,https://github.com/gabselbach/PlanilhaLaravel.git
gabselbach,spacetime,https://github.com/gabselbach/spacetime.git
gabselbach,teste-acentua,https://github.com/gabselbach/teste-acentua.git
GaryYongYao,alpaca-games-be,https://github.com/GaryYongYao/alpaca-games-be.git
GaryYongYao,AlpacaRun,https://github.com/GaryYongYao/AlpacaRun.git
GaryYongYao,gallaria-admin,https://github.com/GaryYongYao/gallaria-admin.git
GaryYongYao,gallaria-website,https://github.com/GaryYongYao/gallaria-website.git
GaryYongYao,ImI-Bot,https://github.com/GaryYongYao/ImI-Bot.git
gfrancodsantos,app-clima-tempo,https://github.com/gfrancodsantos/app-clima-tempo.git
gfrancodsantos,dmta-corretor,https://github.com/gfrancodsantos/dmta-corretor.git
gfrancodsantos,gustavofprofile.github.io,https://github.com/gfrancodsantos/gustavofprofile.github.io.git
gfrancodsantos,mariner,https://github.com/gfrancodsantos/mariner.git
gfrancodsantos,primeiros-codigos,https://github.com/gfrancodsantos/primeiros-codigos.git
Ghenriquer10,KeG_doces,https://github.com/Ghenriquer10/KeG_doces.git
Ghenriquer10,projeto-pizzaria-backend,https://github.com/Ghenriquer10/projeto-pizzaria-backend.git
Ghenriquer10,projeto-pizzaria-frontend,https://github.com/Ghenriquer10/projeto-pizzaria-frontend.git
Ghenriquer10,React.js_projeto_filmaria,https://github.com/Ghenriquer10/React.js_projeto_filmaria.git
Ghenriquer10,viva-decora-challenge,https://github.com/Ghenriquer10/viva-decora-challenge.git
gnuns,raspa,https://github.com/gnuns/raspa.git
gnuns,unicope,https://github.com/gnuns/unicope.git
guilhermealvestavares,casimiroFotos,https://github.com/guilhermealvestavares/casimiroFotos.git
guilhermealvestavares,client-ecommerce-react-avancado,https://github.com/guilhermealvestavares/client-ecommerce-react-avancado.git
guilhermealvestavares,denuncia-bus,https://github.com/guilhermealvestavares/denuncia-bus.git
guilhermealvestavares,portifolio-marrama,https://github.com/guilhermealvestavares/portifolio-marrama.git
guilhermealvestavares,sempsiu-frontend,https://github.com/guilhermealvestavares/sempsiu-frontend.git
gustavoaz7,instagram-clone,https://github.com/gustavoaz7/instagram-clone.git
gustavoaz7,OSSU-Computer-Science,https://github.com/gustavoaz7/OSSU-Computer-Science.git
gustavoaz7,React-Native_Learning,https://github.com/gustavoaz7/React-Native_Learning.git
gustavoaz7,rn-instagram-clone,https://github.com/gustavoaz7/rn-instagram-clone.git
gustavoaz7,StockTrader,https://github.com/gustavoaz7/StockTrader.git
henriquensco,backend-grupoa,https://github.com/henriquensco/backend-grupoa.git
henriquensco,crecido,https://github.com/henriquensco/crecido.git
henriquensco,dcx-crypto-currency-api,https://github.com/henriquensco/dcx-crypto-currency-api.git
henriquensco,henriquensco,https://github.com/henriquensco/henriquensco.git
henriquensco,simple-to-do-list,https://github.com/henriquensco/simple-to-do-list.git
hugouraga,challenge-sga,https://github.com/hugouraga/challenge-sga.git
hugouraga,electron-vite-boilerplate,https://github.com/hugouraga/electron-vite-boilerplate.git
hugouraga,electron-vite-react,https://github.com/hugouraga/electron-vite-react.git
hugouraga,hookFormRN,https://github.com/hugouraga/hookFormRN.git
hugouraga,todolist,https://github.com/hugouraga/todolist.git
iamunhoz,InfinityBase-challenge,https://github.com/iamunhoz/InfinityBase-challenge.git
iamunhoz,poegia,https://github.com/iamunhoz/poegia.git
iamunhoz,social-feed-clone,https://github.com/iamunhoz/social-feed-clone.git
iamunhoz,starship-bridge-simulator,https://github.com/iamunhoz/starship-bridge-simulator.git
iamunhoz,treesimple-frontend,https://github.com/iamunhoz/treesimple-frontend.git
IcaroRobertos,demo,https://github.com/IcaroRobertos/demo.git
imranradzmi89,MERN-fitness-tracker,https://github.com/imranradzmi89/MERN-fitness-tracker.git
imranradzmi89,react-reddit,https://github.com/imranradzmi89/react-reddit.git
imranradzmi89,shoppingCart,https://github.com/imranradzmi89/shoppingCart.git
imranradzmi89,simonsays,https://github.com/imranradzmi89/simonsays.git
imranradzmi89,yelpCamp,https://github.com/imranradzmi89/yelpCamp.git
iredhd,anestech,https://github.com/iredhd/anestech.git
iredhd,anr-loja-integrada,https://github.com/iredhd/anr-loja-integrada.git
iredhd,anr-loja-integrada-back-end,https://github.com/iredhd/anr-loja-integrada-back-end.git
iredhd,balcao-de-milhas,https://github.com/iredhd/balcao-de-milhas.git
iredhd,marvel-client,https://github.com/iredhd/marvel-client.git
javierarico,Animating-Characters,https://github.com/javierarico/Animating-Characters.git
javierarico,javierarico-webdev,https://github.com/javierarico/javierarico-webdev.git
javierarico,loopstudios-landing-page,https://github.com/javierarico/loopstudios-landing-page.git
javierarico,Mini-Project-Solar-System,https://github.com/javierarico/Mini-Project-Solar-System.git
javierarico,Sunnyside-agency-landing-page,https://github.com/javierarico/Sunnyside-agency-landing-page.git
JeanCaEscalante,fullstackopen-2022,https://github.com/JeanCaEscalante/fullstackopen-2022.git
JeanCaEscalante,portafolio,https://github.com/JeanCaEscalante/portafolio.git
JeanCaEscalante,UCAI3,https://github.com/JeanCaEscalante/UCAI3.git
joaokrlos,mks-sistemas,https://github.com/joaokrlos/mks-sistemas.git
joaokrlos,Teste_sistema,https://github.com/joaokrlos/Teste_sistema.git
johnnyGabriel,angular-base,https://github.com/johnnyGabriel/angular-base.git
johnnyGabriel,nx-angular-microapp-monorepo-shopping,https://github.com/johnnyGabriel/nx-angular-microapp-monorepo-shopping.git
justinRH,salaries_NBA,https://github.com/justinRH/salaries_NBA.git
justinRH,soccerData,https://github.com/justinRH/soccerData.git
jvfaria,Gerenciador_de_clientes,https://github.com/jvfaria/Gerenciador_de_clientes.git
jvfaria,gofinances-web,https://github.com/jvfaria/gofinances-web.git
jvfaria,gwDonations,https://github.com/jvfaria/gwDonations.git
jvfaria,react-concepts,https://github.com/jvfaria/react-concepts.git
jvfaria,theskullbra-finances,https://github.com/jvfaria/theskullbra-finances.git
jxnata,barber,https://github.com/jxnata/barber.git
jxnata,bitcold,https://github.com/jxnata/bitcold.git
jxnata,jw-toolkit,https://github.com/jxnata/jw-toolkit.git
jxnata,jxnata.github.io,https://github.com/jxnata/jxnata.github.io.git
jxnata,shopeasy,https://github.com/jxnata/shopeasy.git
KaisarCode,kc-slider,https://github.com/kaisarcode/kc-slider.git
KaisarCode,pgway,https://github.com/kaisarcode/pgway.git
KaisarCode,prestashop-search-indexer-module,https://github.com/kaisarcode/prestashop-search-indexer-module.git
KaisarCode,psmod,https://github.com/kaisarcode/psmod.git
kartheekgj,chathub,https://github.com/kartheekgj/chathub.git
kartheekgj,chess-moves-simulator,https://github.com/kartheekgj/chess-moves-simulator.git
kartheekgj,kartheekgj,https://github.com/kartheekgj/kartheekgj.git
kartheekgj,reactdemo,https://github.com/kartheekgj/reactdemo.git
kartheekgj,resume,https://github.com/kartheekgj/resume.git
kivson,kivson.github.io,https://github.com/kivson/kivson.github.io.git
kivson,minesweeper,https://github.com/kivson/minesweeper.git
kivson,tw-followers,https://github.com/kivson/tw-followers.git
lcaresia,simple-japronto-with-peewee,https://github.com/lcaresia/simple-japronto-with-peewee.git
lcaresia,UrlShortner,https://github.com/lcaresia/UrlShortner.git
lcaresia,VisualNuts,https://github.com/lcaresia/VisualNuts.git
LeonardoASCouto,Django_Dev-Pro,https://github.com/LeonardoASCouto/Django_Dev-Pro.git
leonelNoguera,agario-jodav879,https://github.com/leonelNoguera/agario-jodav879.git
leonelNoguera,juegosdeleo,https://github.com/leonelNoguera/juegosdeleo.git
Liicano,clay_integration,https://github.com/Liicano/clay_integration.git
Liicano,delivery_api,https://github.com/Liicano/delivery_api.git
Liicano,pptfront,https://github.com/Liicano/pptfront.git
Liicano,unabase-webpage,https://github.com/Liicano/unabase-webpage.git
Liicano,viia-test,https://github.com/Liicano/viia-test.git
Lucas-caceres-w,case-router-front,https://github.com/Lucas-caceres-w/case-router-front.git
Lucas-caceres-w,fifaboosting,https://github.com/Lucas-caceres-w/fifaboosting.git
Lucas-caceres-w,Wifnix,https://github.com/Lucas-caceres-w/Wifnix.git
LuisGabrielAcevedo,Admin_System_Angular_Client,https://github.com/LuisGabrielAcevedo/Admin_System_Angular_Client.git
LuisGabrielAcevedo,angular-aspects-crud,https://github.com/LuisGabrielAcevedo/angular-aspects-crud.git
LuisGabrielAcevedo,ionic-news-application,https://github.com/LuisGabrielAcevedo/ionic-news-application.git
LuisGabrielAcevedo,lgx-angular-components,https://github.com/LuisGabrielAcevedo/lgx-angular-components.git
LuisGabrielAcevedo,noel,https://github.com/LuisGabrielAcevedo/noel.git
manoj-singh-developer,ftrial,https://github.com/manoj-singh-developer/ftrial.git
MaoMaoCake,fastapi-svelte-template,https://github.com/MaoMaoCake/fastapi-svelte-template.git
MaoMaoCake,Linux-Scripts,https://github.com/MaoMaoCake/Linux-Scripts.git
MaoMaoCake,password_generator,https://github.com/MaoMaoCake/password_generator.git
MaoMaoCake,SlidingGame,https://github.com/MaoMaoCake/SlidingGame.git
MaoMaoCake,WhatToEat,https://github.com/MaoMaoCake/WhatToEat.git
mapacheverdugo,api-dpa-geo-chile,https://github.com/mapacheverdugo/api-dpa-geo-chile.git
mapacheverdugo,entradas-bot,https://github.com/mapacheverdugo/entradas-bot.git
mapacheverdugo,image-to-lametric,https://github.com/mapacheverdugo/image-to-lametric.git
mapacheverdugo,marlin-ender-3,https://github.com/mapacheverdugo/marlin-ender-3.git
MarceloHBoff,daylist,https://github.com/MarceloHBoff/daylist.git
MarceloHBoff,marcelo-boff,https://github.com/MarceloHBoff/marcelo-boff.git
MarceloHBoff,whatsapp,https://github.com/MarceloHBoff/whatsapp.git
marcoalvesalmeida,be-the-hero,https://github.com/marcoalvesalmeida/be-the-hero.git
marcoalvesalmeida,checkout-transparente-pagseguro,https://github.com/marcoalvesalmeida/checkout-transparente-pagseguro.git
marcoalvesalmeida,github-react-deploy,https://github.com/marcoalvesalmeida/github-react-deploy.git
marcoalvesalmeida,instagram-clone,https://github.com/marcoalvesalmeida/instagram-clone.git
marcoalvesalmeida,listra-coins,https://github.com/marcoalvesalmeida/listra-coins.git
Maslow12,Angular-Calculator,https://github.com/Maslow12/Angular-Calculator.git
Maslow12,Data-analysis-practices,https://github.com/Maslow12/Data-analysis-practices.git
Maslow12,FreeCodeCamp-Data-analysis-,https://github.com/Maslow12/FreeCodeCamp-Data-analysis-.git
Maslow12,Laravel-Development,https://github.com/Maslow12/Laravel-Development.git
Maslow12,Node,https://github.com/Maslow12/Node.git
matheusfelipeog,curso-em-video-python3,https://github.com/matheusfelipeog/curso-em-video-python3.git
matheusfelipeog,google-doodles,https://github.com/matheusfelipeog/google-doodles.git
matheusfelipeog,status-coronavoucher,https://github.com/matheusfelipeog/status-coronavoucher.git
matheusfelipeog,tcc-etec,https://github.com/matheusfelipeog/tcc-etec.git
matheusfelipeog,uri-judge,https://github.com/matheusfelipeog/uri-judge.git
MatheusOliveira2,Cosette-Code-Challenge,https://github.com/MatheusOliveira2/Cosette-Code-Challenge.git
MatheusOliveira2,Estudo,https://github.com/MatheusOliveira2/Estudo.git
MatheusOliveira2,IGTI,https://github.com/MatheusOliveira2/IGTI.git
MatheusOliveira2,TabelaGastos,https://github.com/MatheusOliveira2/TabelaGastos.git
MatheusOliveira2,WEB-ULFA-2020-02,https://github.com/MatheusOliveira2/WEB-ULFA-2020-02.git
mikaelhadler,auth,https://github.com/mikaelhadler/auth.git
mikaelhadler,crewai,https://github.com/mikaelhadler/crewai.git
mikaelhadler,nubankclone,https://github.com/mikaelhadler/nubankclone.git
mikaelhadler,playground,https://github.com/mikaelhadler/playground.git
mikaelhadler,shadcn-playground,https://github.com/mikaelhadler/shadcn-playground.git
misujon,echocabins,https://github.com/misujon/echocabins.git
misujon,Mi-Procedural,https://github.com/misujon/Mi-Procedural.git
misujon,Multi-Auth,https://github.com/misujon/Multi-Auth.git
misujon,seventh-aviation,https://github.com/misujon/seventh-aviation.git
misujon,user-management-php,https://github.com/misujon/user-management-php.git
mm490514,financeiro,https://github.com/mm490514/financeiro.git
mm490514,fokus,https://github.com/mm490514/fokus.git
mm490514,pagoufacil,https://github.com/mm490514/pagoufacil.git
mm490514,Reservas,https://github.com/mm490514/Reservas.git
mm490514,Vagas,https://github.com/mm490514/Vagas.git
nahue-prg,BondiNet,https://github.com/nahue-prg/BondiNet.git
nahue-prg,Movie_rent,https://github.com/nahue-prg/Movie_rent.git
nahue-prg,Rn_ecomerce,https://github.com/nahue-prg/Rn_ecomerce.git
nahue-prg,SliderNetflix,https://github.com/nahue-prg/SliderNetflix.git
nahue-prg,SplitOrDie.github.io,https://github.com/nahue-prg/SplitOrDie.github.io.git
Oliveiiraa,jsexpertmax-gesture-controller,https://github.com/Oliveiiraa/jsexpertmax-gesture-controller.git
Oliveiiraa,LaravelCms,https://github.com/Oliveiiraa/LaravelCms.git
Oliveiiraa,nlw-spacetime,https://github.com/Oliveiiraa/nlw-spacetime.git
Oliveiiraa,nodejs-nginx-mysql-image,https://github.com/Oliveiiraa/nodejs-nginx-mysql-image.git
Oliveiiraa,Project-Google-Glass,https://github.com/Oliveiiraa/Project-Google-Glass.git
PedroCoelho19,ApiLogin,https://github.com/PedroCoelho19/ApiLogin.git
PedroCoelho19,POO,https://github.com/PedroCoelho19/POO.git
PedroCoelho19,RiotGames,https://github.com/PedroCoelho19/RiotGames.git
PedroCoelho19,teste2,https://github.com/PedroCoelho19/teste2.git
PedroCoelho19,TijucaCars,https://github.com/PedroCoelho19/TijucaCars.git
petehouston,angular-countdown-directive-sample,https://github.com/petehouston/angular-countdown-directive-sample.git
petehouston,angular-twitter-practice,https://github.com/petehouston/angular-twitter-practice.git
petehouston,drupal8-local-dev,https://github.com/petehouston/drupal8-local-dev.git
petehouston,golang-sample-code,https://github.com/petehouston/golang-sample-code.git
petehouston,laravel-9-tutorials-code,https://github.com/petehouston/laravel-9-tutorials-code.git
phengzkie,my_portfolio,https://github.com/phengzkie/my_portfolio.git
phengzkie,stories_mern_app,https://github.com/phengzkie/stories_mern_app.git
phengzkie,TodoWithAuthentication,https://github.com/phengzkie/TodoWithAuthentication.git
phengzkie,todo_app,https://github.com/phengzkie/todo_app.git
phengzkie,WeatherAndCurrencyApp,https://github.com/phengzkie/WeatherAndCurrencyApp.git
PhilCard,Ecommerce_sw,https://github.com/PhilCard/Ecommerce_sw.git
PhilCard,Restaurant_pergola,https://github.com/PhilCard/Restaurant_pergola.git
PhilCard,Zamatsu_Languages,https://github.com/PhilCard/Zamatsu_Languages.git
polarisdev87,Cezan,https://github.com/polarisdev87/Cezan.git
polarisdev87,Cresto,https://github.com/polarisdev87/Cresto.git
polarisdev87,DailyIdea,https://github.com/polarisdev87/DailyIdea.git
polarisdev87,dating_PWA,https://github.com/polarisdev87/dating_PWA.git
polarisdev87,Topper,https://github.com/polarisdev87/Topper.git
quangio,aspect-based-sentiment-analysis-sl,https://github.com/quangIO/aspect-based-sentiment-analysis-sl.git
quangio,be-bee-frontend,https://github.com/quangIO/be-bee-frontend.git
rafaelsantanna,estudos,https://github.com/rafaelsantanna/estudos.git
rafaelsantanna,php,https://github.com/rafaelsantanna/php.git
rafaelsantanna,rafaelsantanna.github.io,https://github.com/rafaelsantanna/rafaelsantanna.github.io.git
rafaelsantanna,systemplate,https://github.com/rafaelsantanna/systemplate.git
rafaelsantanna,tools-and-projects,https://github.com/rafaelsantanna/tools-and-projects.git
RafaelSNascimento,face-recognition,https://github.com/RafaelSNascimento/face-recognition.git
RafaelSNascimento,internet-pela-educacao,https://github.com/RafaelSNascimento/internet-pela-educacao.git
Randomizando3,IzziMail-EmailMktSender,https://github.com/Randomizando3/IzziMail-EmailMktSender.git
resultsystems,protectall,https://github.com/resultsystems/protectall.git
rgcl,msc_thesis,https://github.com/rgcl/msc_thesis.git
rgcl,sld,https://github.com/rgcl/sld.git
rgcl,sld-playground,https://github.com/rgcl/sld-playground.git
rodrigocorrea1989,agenda_node,https://github.com/rodrigocorrea1989/agenda_node.git
rodrigocorrea1989,api_google_drive_multas,https://github.com/rodrigocorrea1989/api_google_drive_multas.git
rodrigocorrea1989,eneagrama,https://github.com/rodrigocorrea1989/eneagrama.git
rodrigocorrea1989,gym_admin,https://github.com/rodrigocorrea1989/gym_admin.git
rodrigocorrea1989,workjob,https://github.com/rodrigocorrea1989/workjob.git
salema97,API-WebScraping,https://github.com/salema97/API-WebScraping.git
salema97,DSS_injectionSQL,https://github.com/salema97/DSS_injectionSQL.git
salema97,dwap2-lema-steven,https://github.com/salema97/dwap2-lema-steven.git
salema97,salema97.github.io,https://github.com/salema97/salema97.github.io.git
salema97,SocketsChatRoom,https://github.com/salema97/SocketsChatRoom.git
SarthSharma,ERP,https://github.com/SarthSharma/ERP.git
SarthSharma,Laravel_Todo_Application,https://github.com/SarthSharma/Laravel_Todo_Application.git
SarthSharma,musicalbum,https://github.com/SarthSharma/musicalbum.git
SchunckLeonardo,04-ignite-shop,https://github.com/SchunckLeonardo/04-ignite-shop.git
SchunckLeonardo,coffeshop-rocketseat,https://github.com/SchunckLeonardo/coffeshop-rocketseat.git
SchunckLeonardo,devstore,https://github.com/SchunckLeonardo/devstore.git
SchunckLeonardo,linked-pages,https://github.com/SchunckLeonardo/linked-pages.git
SchunckLeonardo,portfolio-leonardo-v3,https://github.com/SchunckLeonardo/portfolio-leonardo-v3.git
shoxsz,FullMerkleTreeSolidity,https://github.com/shoxsz/FullMerkleTreeSolidity.git
shoxsz,ibijus-teste-desenvolvimento,https://github.com/shoxsz/ibijus-teste-desenvolvimento.git
shoxsz,online-delivery,https://github.com/shoxsz/online-delivery.git
shoxsz,RPGPy,https://github.com/shoxsz/RPGPy.git
shoxsz,TypeJS,https://github.com/shoxsz/TypeJS.git
sponce017,ANGULAR-TOUR-OF-HEROES,https://github.com/sponce017/ANGULAR-TOUR-OF-HEROES.git
sponce017,citas,https://github.com/sponce017/citas.git
sponce017,cotizador,https://github.com/sponce017/cotizador.git
sponce017,CustomerdbLaravelWeb-01,https://github.com/sponce017/CustomerdbLaravelWeb-01.git
sponce017,DropDownExample,https://github.com/sponce017/DropDownExample.git
StarkLiew,erpnext14,https://github.com/StarkLiew/erpnext14.git
StarkLiew,laravel-admin-test,https://github.com/StarkLiew/laravel-admin-test.git
StarkLiew,my-portfolio,https://github.com/StarkLiew/my-portfolio.git
StarkLiew,QiNuxt,https://github.com/StarkLiew/QiNuxt.git
StarkLiew,TitTacToeQuiz,https://github.com/StarkLiew/TitTacToeQuiz.git
sulhicader,test_wave_template,https://github.com/sulhicader/test_wave_template.git
sumitdas4u,edufair,https://github.com/sumitdas4u/edufair.git
sumitdas4u,roadline,https://github.com/sumitdas4u/roadline.git
tecactus,reniec-php,https://github.com/tecactus/reniec-php.git
tecactus,sunat-php,https://github.com/tecactus/sunat-php.git
thaisacs,complexity-of-algorithms-book,https://github.com/thaisacs/complexity-of-algorithms-book.git
thaisacs,scoreboard-mo401,https://github.com/thaisacs/scoreboard-mo401.git
thaisacs,sl-compiler,https://github.com/thaisacs/sl-compiler.git
thaisacs,thaisacs.github.io,https://github.com/thaisacs/thaisacs.github.io.git
thalysonalexr,bmg-guia-app,https://github.com/thalysonalexr/bmg-guia-app.git
thalysonalexr,ecoleta,https://github.com/thalysonalexr/ecoleta.git
thalysonalexr,photospace,https://github.com/thalysonalexr/photospace.git
thalysonalexr,portfolio,https://github.com/thalysonalexr/portfolio.git
thalysonalexr,portfolio-files,https://github.com/thalysonalexr/portfolio-files.git
trungcheng,django-blog,https://github.com/trungcheng/django-blog.git
trungcheng,mfapp,https://github.com/trungcheng/mfapp.git
trungcheng,php-mvc-base,https://github.com/trungcheng/php-mvc-base.git
trungcheng,python-starter,https://github.com/trungcheng/python-starter.git
trungcheng,sti,https://github.com/trungcheng/sti.git
tsleolima,ciencia-de-dados-preditiva,https://github.com/tsleolima/ciencia-de-dados-preditiva.git
tsleolima,daca-project,https://github.com/tsleolima/daca-project.git
tsleolima,project-node-vue,https://github.com/tsleolima/project-node-vue.git
tsleolima,rn-input-auto-complete,https://github.com/tsleolima/rn-input-auto-complete.git
tsleolima,tsleolima.github.io,https://github.com/tsleolima/tsleolima.github.io.git
ucalyptus,AskTRS,https://github.com/ucalyptus/AskTRS.git
ucalyptus,bongovaad,https://github.com/ucalyptus/bongovaad.git
ucalyptus,esrgan-cli,https://github.com/ucalyptus/esrgan-cli.git
ucalyptus,GaborConv2D,https://github.com/ucalyptus/GaborConv2D.git
ucalyptus,lucid2,https://github.com/ucalyptus/lucid2.git
valnicky,e-commerce,https://github.com/valnicky/e-commerce.git
valnicky,Mini-projects,https://github.com/valnicky/Mini-projects.git
valnicky,shop_bootstrap,https://github.com/valnicky/shop_bootstrap.git
valnicky,valeriacreativedesign,https://github.com/valnicky/valeriacreativedesign.git
valnicky,valnicky.github.io,https://github.com/valnicky/valnicky.github.io.git
vanthienpc,json-server,https://github.com/vanthienpc/json-server.git
vanthienpc,musicapp,https://github.com/vanthienpc/musicapp.git
vanthienpc,personal-loan,https://github.com/vanthienpc/personal-loan.git
vanthienpc,react-architecture,https://github.com/vanthienpc/react-architecture.git
vanthienpc,weatherapp,https://github.com/vanthienpc/weatherapp.git
versa-dev,CI-ProAges,https://github.com/versa-dev/CI-ProAges.git
versa-dev,Mapreduce-JS,https://github.com/versa-dev/Mapreduce-JS.git
versa-dev,purchase-member-site,https://github.com/versa-dev/purchase-member-site.git
versa-dev,testing-git,https://github.com/versa-dev/testing-git.git
versa-dev,theracingmanager-MERN-stack,https://github.com/versa-dev/theracingmanager-MERN-stack.git
ViniciosLugli,2023-1A-T2-M6-A2,https://github.com/ViniciosLugli/2023-1A-T2-M6-A2.git
ViniciosLugli,2023-2A-T2-M7-P1,https://github.com/ViniciosLugli/2023-2A-T2-M7-P1.git
ViniciosLugli,crack-watcher-yolo,https://github.com/ViniciosLugli/crack-watcher-yolo.git
ViniciosLugli,M2-INTELI-2022,https://github.com/ViniciosLugli/M2-INTELI-2022.git
ViniciosLugli,opencv-frame-catcher,https://github.com/ViniciosLugli/opencv-frame-catcher.git
viniciusalencardev,API-RESTful-com-NodeJS,https://github.com/ViniciusAlencarDev/API-RESTful-com-NodeJS.git
viniciusalencardev,context-api-expo-app,https://github.com/ViniciusAlencarDev/context-api-expo-app.git
viniciusalencardev,ExemploReactNativeExpo,https://github.com/ViniciusAlencarDev/ExemploReactNativeExpo.git
viniciusalencardev,ProjetoTA_React-Native,https://github.com/ViniciusAlencarDev/ProjetoTA_React-Native.git
viniciusalencardev,semanaoministack11-be-the-hero,https://github.com/ViniciusAlencarDev/semanaoministack11-be-the-hero.git
vlont,ftp-deploy,https://github.com/vlont/ftp-deploy.git
VPhoenix17,AI-interviewer,https://github.com/VPhoenix17/AI-interviewer.git
VPhoenix17,ChatBot_CaixaBank-CallForCode,https://github.com/VPhoenix17/ChatBot_CaixaBank-CallForCode.git
VPhoenix17,foodorder-online,https://github.com/VPhoenix17/foodorder-online.git
VPhoenix17,SpeechAssistiveWebApp_FirstLanguage,https://github.com/VPhoenix17/SpeechAssistiveWebApp_FirstLanguage.git
VPhoenix17,Test,https://github.com/VPhoenix17/Test.git
webbdays,html_with_python,https://github.com/webbdays/html_with_python.git
webbdays,node-express-server,https://github.com/webbdays/node-express-server.git
webbdays,tailcall-fork-2,https://github.com/webbdays/tailcall-fork-2.git
WilkerFreelancer,EmpregaFarma,https://github.com/WilkerFreelancer/EmpregaFarma.git
WilkerFreelancer,loadingpage,https://github.com/WilkerFreelancer/loadingpage.git
wkitsin,ContactList,https://github.com/wkitsin/ContactList.git
wkitsin,graphql-express-server,https://github.com/wkitsin/graphql-express-server.git
wkitsin,Martian-Library,https://github.com/wkitsin/Martian-Library.git
wkitsin,react-graphql-chat,https://github.com/wkitsin/react-graphql-chat.git
wmigue,angular-express-mysql-pruebas,https://github.com/wmigue/angular-express-mysql-pruebas.git
wmigue,comision-m-04-miguel-angel-villalba-canavesio,https://github.com/wmigue/comision-m-04-miguel-angel-villalba-canavesio.git
wmigue,cotiza-react-typescript-php-vite,https://github.com/wmigue/cotiza-react-typescript-php-vite.git
wmigue,curso-basico-webpack,https://github.com/wmigue/curso-basico-webpack.git
wmigue,flightPHP-Vanillajs-fullcalendar-example,https://github.com/wmigue/flightPHP-Vanillajs-fullcalendar-example.git
wzalazar,strategy-merge,https://github.com/wzalazar/strategy-merge.git
xcasluw,cidota,https://github.com/xcasluw/cidota.git
xcasluw,css-js-tips,https://github.com/xcasluw/css-js-tips.git
xcasluw,node-circle-ci,https://github.com/xcasluw/node-circle-ci.git
xcasluw,travel-app-rn,https://github.com/xcasluw/travel-app-rn.git
xeieshan,DailyTastManagementApp,https://github.com/xeieshan/DailyTastManagementApp.git
xeieshan,NodeJS-Playground,https://github.com/xeieshan/NodeJS-Playground.git
xeieshan,Notes-App,https://github.com/xeieshan/Notes-App.git
xeieshan,react-notes-app,https://github.com/xeieshan/react-notes-app.git
xeieshan,Weather-App,https://github.com/xeieshan/Weather-App.git
yenng,calculator,https://github.com/yenng/calculator.git
yenng,KeyboardGame,https://github.com/yenng/KeyboardGame.git
yenng,pygame_learning,https://github.com/yenng/pygame_learning.git
yenng,sudoku-solver,https://github.com/yenng/sudoku-solver.git
yenng,UnitConverter,https://github.com/yenng/UnitConverter.git
yuricplus,appAngular,https://github.com/yuricplus/appAngular.git
yuricplus,backend-express-node,https://github.com/yuricplus/backend-express-node.git
yuricplus,front-end-react,https://github.com/yuricplus/front-end-react.git
yuricplus,marvel-heroes,https://github.com/yuricplus/marvel-heroes.git
yuricplus,store-node,https://github.com/yuricplus/store-node.git
YuriRDev,graphql-playground,https://github.com/YuriRDev/graphql-playground.git
YuriRDev,portfolio,https://github.com/YuriRDev/portfolio.git
YuriSamuka,auto-nft-gamer,https://github.com/YuriSamuka/auto-nft-gamer.git
YuriSamuka,digital-menu-with-AI-ewaiter,https://github.com/YuriSamuka/digital-menu-with-AI-ewaiter.git
YuriSamuka,guiageeks,https://github.com/YuriSamuka/guiageeks.git
YuriSamuka,maxima-tech-digital-wallet,https://github.com/YuriSamuka/maxima-tech-digital-wallet.git
YuriSamuka,yuridpaula.com,https://github.com/YuriSamuka/yuridpaula.com.git
YutaroNegi,edesoft-project,https://github.com/YutaroNegi/edesoft-project.git
YutaroNegi,eventsCalendar,https://github.com/YutaroNegi/eventsCalendar.git
YutaroNegi,expenses-tracker,https://github.com/YutaroNegi/expenses-tracker.git
YutaroNegi,mascarpone-coffee,https://github.com/YutaroNegi/mascarpone-coffee.git
YutaroNegi,noticeBoard-nodejs,https://github.com/YutaroNegi/noticeBoard-nodejs.git
zafar-saleem,carousal,https://github.com/zafar-saleem/carousal.git
zafar-saleem,depayd,https://github.com/zafar-saleem/depayd.git
zafar-saleem,timeoff-app,https://github.com/zafar-saleem/timeoff-app.git
zafar-saleem,timeoff-server,https://github.com/zafar-saleem/timeoff-server.git
zafar-saleem,zafar-saleem.github.io,https://github.com/zafar-saleem/zafar-saleem.github.io.git
zsobral,dev-app,https://github.com/zsobral/dev-app.git
zsobral,dota-graphql,https://github.com/zsobral/dota-graphql.git
zsobral,hybrid-birds,https://github.com/zsobral/hybrid-birds.git
zsobral,movie-catalog,https://github.com/zsobral/movie-catalog.git
zsobral,pokedex-gatsby,https://github.com/zsobral/pokedex-gatsby.git
